seed,method,phase,average_finish_time,p95_finish_time,waiting_latency,service_latency,cache_hit_rate,cache_remote_loading_rate
51,daoc_paper,tail,0.75416028331428,1.409311829345871,0.19676172037241016,1.2345635373326986,0.5624571948998177,0.4375428051001821
51,daoc_paper,evaluation,0.7843615164831899,1.1420173576222354,0.2063528509325559,1.8764667600721716,0.3101599137931034,0.6898400862068965
51,dqn_wdsa_std_cache,tail,1.3030618545463748,2.154854541237276,0.16337021282535777,3.0096909432491548,0.1598178506375227,0.840182149362477
51,dqn_wdsa_std_cache,evaluation,1.3320593796945572,1.4478455368728975,0.1473944000394396,3.6004688331273065,0.11744436781609195,0.8825556321839081
51,daoc_our_coord_cache,tail,0.36853915394742526,0.5445522044190487,0.20301351209409074,0.7283572684227654,0.6353734061930784,0.36462659380692175
51,daoc_our_coord_cache,evaluation,0.43656384093200906,0.7012335955416372,0.18268891958141834,1.104785700458231,0.36497373563218394,0.6350262643678161
51,lean_our,tail,0.3130124382788996,0.4645025147896576,0.17131814936174747,0.5065978873366814,0.7666065573770492,0.2333934426229508
51,lean_our,evaluation,0.3386237228831326,0.5688609327348926,0.17419207433573344,0.8415069348329669,0.6497600287356322,0.35023997126436784
51,coord_cache_discrete_sac,tail,0.5976600471690535,0.8046232927987864,0.1310754989577652,1.5595907304918695,0.19095081967213115,0.8090491803278689
51,coord_cache_discrete_sac,evaluation,0.38388839120499507,0.6288989993846112,0.16367891114882308,1.0701873109490214,0.3929071551724138,0.6070928448275863
51,discrete_sac_std_cache,tail,1.5243322895436182,2.366261815594158,0.13268570512113587,3.2319454429303933,0.19081420765027324,0.8091857923497268
51,discrete_sac_std_cache,evaluation,1.1343811979768146,1.2785746072488255,0.14401036248134022,3.0594653301543944,0.17673583333333334,0.8232641666666666
52,daoc_paper,tail,0.47099930456475514,1.3279970794994964,0.17030380545372464,1.6104327947792845,0.33779813084112154,0.6622018691588785
52,daoc_paper,evaluation,0.6538489777767886,0.8836639269738435,0.13224165850034597,2.9308267178630287,0.1834903735632184,0.8165096264367817
52,dqn_wdsa_std_cache,tail,1.24862765459306,2.0021532196345113,0.24063149560432395,4.242754687969882,0.04544672897196261,0.9545532710280373
52,dqn_wdsa_std_cache,evaluation,1.3057065116149968,1.9324757722398551,0.13497492780741807,5.3029027386896885,0.09481264367816093,0.905187356321839
52,daoc_our_coord_cache,tail,0.2888126436397218,0.813864785953346,0.15428491738833428,1.0464508778344264,0.4241140186915888,0.5758859813084113
52,daoc_our_coord_cache,evaluation,0.4197084208783529,0.5808145498339404,0.12698138016818863,2.34661748545858,0.233476091954023,0.766523908045977
52,lean_our,tail,0.23908630489344887,0.6126326654033349,0.12058347139809357,0.5278751995379057,0.6005121495327103,0.39948785046728974
52,lean_our,evaluation,0.31765421274696465,0.5371725322879649,0.08900276085454546,1.609856723372486,0.47195330459770113,0.5280466954022988
52,coord_cache_discrete_sac,tail,0.5320980758953442,1.041379094861752,0.20149039391170134,1.238114415394332,0.17436822429906543,0.8256317757009346
52,coord_cache_discrete_sac,evaluation,0.31748750091227823,0.5051333221789391,0.0595851022440359,1.8739976985364601,0.3074097701149425,0.6925902298850574
52,discrete_sac_std_cache,tail,2.3774916821534684,3.204567191115885,0.2876536086127902,7.0360019085807455,0.10792710280373832,0.8920728971962617
52,discrete_sac_std_cache,evaluation,1.8969551462068939,2.257175511786695,0.6834226931654959,6.006854705784425,0.12198971264367817,0.8780102873563217
53,daoc_paper,tail,0.9990345569201141,1.5537323159513154,0.13705378886209124,2.8490672588074113,0.2592893309222423,0.7407106690777576
53,daoc_paper,evaluation,0.9851647496610141,1.2977599575155778,0.11199965853425344,2.9494992273554517,0.20121856321839082,0.7987814367816091
53,dqn_wdsa_std_cache,tail,1.017901886636306,1.5691513265516157,0.1388712966432165,2.7782056462297344,0.10477576853526219,0.8952242314647378
53,dqn_wdsa_std_cache,evaluation,1.0940574036405746,1.5164566879033856,0.13087067539246364,3.1214358296137403,0.11224419540229885,0.8877558045977014
53,daoc_our_coord_cache,tail,0.4474276890872969,0.8350638496799629,0.13080469624512436,1.0286763933646212,0.499625678119349,0.500374321880651
53,daoc_our_coord_cache,evaluation,0.5225284648046141,0.7090468078978404,0.13269511728504008,1.413014255540034,0.32060945402298846,0.6793905459770113
53,lean_our,tail,0.4068762631224139,0.8614764466211935,0.07236796708497183,0.9295591869602272,0.6579855334538879,0.3420144665461121
53,lean_our,evaluation,0.3927659828102945,0.519444507591011,0.079246943123227,0.9304583743918344,0.7035958620689654,0.2964041379310345
53,coord_cache_discrete_sac,tail,0.7009181853433019,1.1759514906847106,0.12411381418538205,1.7609013048954854,0.18204159132007233,0.8179584086799276
53,coord_cache_discrete_sac,evaluation,0.43721154503508136,0.548221092871399,0.12504123009187243,1.1765266022303187,0.45222626436781616,0.5477737356321839
53,discrete_sac_std_cache,tail,1.0973206574094192,1.9710892975139271,0.12787161959765594,3.4433662383662673,0.16652622061482822,0.8334737793851719
53,discrete_sac_std_cache,evaluation,0.7769135161217271,0.988060635167652,0.08460970403419854,2.550146183127515,0.3819112356321839,0.6180887643678161
54,daoc_paper,tail,0.8688226810383797,1.302530531218628,0.10913694782702064,2.2990649524483437,0.33455844155844155,0.6654415584415585
54,daoc_paper,evaluation,0.9609116787043935,1.2759874472249881,0.1088547087619187,3.2754090903591027,0.1301169252873563,0.8698830747126436
54,dqn_wdsa_std_cache,tail,1.0025713495006197,1.4120604676010102,0.08120991327668325,3.203003493913319,0.16464192949907236,0.8353580705009276
54,dqn_wdsa_std_cache,evaluation,0.9608712632477734,1.375475067496943,0.08818019111757737,2.620855591494002,0.12397054597701151,0.8760294540229886
54,daoc_our_coord_cache,tail,0.14392809413137278,0.2413657219526811,0.07206571708387942,0.2573812144897674,0.5588794063079776,0.4411205936920222
54,daoc_our_coord_cache,evaluation,0.2078838459017391,0.34169612042638337,0.0687176799379763,0.6487367996489724,0.26595433908045973,0.7340456609195403
54,lean_our,tail,0.09613637317689525,0.17987325191591458,0.07739219303484152,0.12379847253833304,0.6995491651205937,0.3004508348794063
54,lean_our,evaluation,0.12761739945310077,0.23291226636441056,0.0797736473079792,0.2814345280960114,0.5607492528735631,0.43925074712643686
54,coord_cache_discrete_sac,tail,0.3443631381291427,0.4529439895350338,0.087836134862623,0.792165205049076,0.2015064935064935,0.7984935064935064
54,coord_cache_discrete_sac,evaluation,0.15026189544397503,0.2522530767388297,0.08181741918539753,0.3438841322193942,0.5573166379310345,0.44268336206896547
54,discrete_sac_std_cache,tail,1.4653998846018839,1.8489165953744044,0.0932016650034151,3.88126146447251,0.1654230055658627,0.8345769944341374
54,discrete_sac_std_cache,evaluation,0.9961791343456001,1.2152120377741844,0.11217513856871593,3.740378645995413,0.1500852298850575,0.8499147701149425
55,daoc_paper,tail,0.5694998237561206,0.9360232365883696,0.13191606820544932,1.6548372621481446,0.3661506352087115,0.6338493647912886
55,daoc_paper,evaluation,0.5797923022053876,0.7500460993839088,0.11215357466860415,1.7230197958484712,0.2237036781609195,0.7762963218390806
55,dqn_wdsa_std_cache,tail,1.2860266892084915,1.9201494952694607,0.14966893947817908,4.131761163552153,0.06558076225045371,0.9344192377495463
55,dqn_wdsa_std_cache,evaluation,1.2733460520301818,1.3620554338495454,0.1635248909898891,4.290862034392271,0.06266022988505748,0.9373397701149425
55,daoc_our_coord_cache,tail,0.146730798261315,0.26843230868115997,0.10774168297861429,0.43533678569887413,0.5331070780399274,0.4668929219600726
55,daoc_our_coord_cache,evaluation,0.23413642272415466,0.44268188998815505,0.1054026677908412,0.6531755873174977,0.3875169252873564,0.6124830747126436
55,lean_our,tail,0.09925860236338946,0.15831069376397944,0.08242703731177993,0.1234117652938464,0.7691905626134301,0.23080943738656987
55,lean_our,evaluation,0.11731649234406509,0.2807930128921107,0.08521165680416583,0.21194682561376332,0.7380397988505749,0.2619602011494253
55,coord_cache_discrete_sac,tail,0.35288237074253687,0.558877099165831,0.16327374536330125,0.9989076197535166,0.1975480943738657,0.8024519056261343
55,coord_cache_discrete_sac,evaluation,0.15429091931333935,0.29111992665400505,0.10505176554361034,0.4808381261926904,0.48732991379310353,0.5126700862068965
55,discrete_sac_std_cache,tail,1.505621564038905,2.625530891810078,0.17167010379854694,3.685996815745708,0.17147731397459165,0.8285226860254084
55,discrete_sac_std_cache,evaluation,1.184365520908917,1.500866827416494,0.11314616017437404,3.3537013791898125,0.2308720114942529,0.7691279885057475
56,daoc_paper,tail,0.6013023998038091,1.3329748223797833,0.14965400297189427,1.607258180592744,0.42024324324324325,0.5797567567567568
56,daoc_paper,evaluation,0.73763437423656,1.021670003013468,0.1291402889484703,2.5254137253819398,0.1603064655172414,0.8396935344827585
56,dqn_wdsa_std_cache,tail,0.7509408445374315,2.7397557029111095,0.123233000222367,5.185647442297758,0.22041621621621618,0.7795837837837837
56,dqn_wdsa_std_cache,evaluation,1.0920000445612608,1.3146952025472094,0.14180138474117346,6.643984218127436,0.1130998275862069,0.886900172413793
56,daoc_our_coord_cache,tail,0.19837634012576644,0.3176888426580842,0.09407037910127988,0.5503912384825622,0.4900720720720721,0.5099279279279278
56,daoc_our_coord_cache,evaluation,0.26434573507003506,0.39326543820471366,0.09745222558090809,0.8491034802127381,0.27359609195402296,0.7264039080459771
56,lean_our,tail,0.1615652005831444,0.26218886420478543,0.09225418299787991,0.3143629435516255,0.7168738738738739,0.2831261261261261
56,lean_our,evaluation,0.21781325864499998,0.4491446650609891,0.12929691806439808,0.5747894454369038,0.5649976149425288,0.4350023850574712
56,coord_cache_discrete_sac,tail,0.37913440897898454,0.5235508641145812,0.12142449372803081,1.2351399082221035,0.1964918918918919,0.8035081081081081
56,coord_cache_discrete_sac,evaluation,0.2509282413579048,0.4191249107627524,0.10678891438485026,1.0219595842623705,0.31753201149425286,0.6824679885057472
56,discrete_sac_std_cache,tail,1.5872897827006354,2.4502179743230332,0.12969061748174807,4.429758179411174,0.18504684684684686,0.8149531531531532
56,discrete_sac_std_cache,evaluation,1.2498732424509817,1.9248486162000753,0.12344535296151751,4.5150492020755175,0.1791022701149425,0.8208977298850576
57,daoc_paper,tail,0.5478374345225222,0.8135171239563445,0.11482715484874614,1.7830343057736502,0.28989522058823525,0.7101047794117648
57,daoc_paper,evaluation,0.5381898359121311,0.7624202436215044,0.10225203173093105,1.9047749937957936,0.14222784482758621,0.8577721551724138
57,dqn_wdsa_std_cache,tail,0.7075891991289245,1.2786474079575956,0.09372220773500166,2.7250359058103313,0.11542095588235295,0.8845790441176472
57,dqn_wdsa_std_cache,evaluation,0.5848706444071269,0.8254516306816894,0.10324565017015769,2.1900563539438744,0.07195402298850574,0.9280459770114944
57,daoc_our_coord_cache,tail,0.1308914510549996,0.25160007536374335,0.07042657789314126,0.207023565896032,0.6039136029411766,0.39608639705882354
57,daoc_our_coord_cache,evaluation,0.19844544578693285,0.43042448456703225,0.09482225384762634,0.5126124128456307,0.3325835057471264,0.6674164942528736
57,lean_our,tail,0.0981803833700707,0.18985482104293977,0.06900815140741141,0.11313455481129245,0.6553235294117646,0.34467647058823525
57,lean_our,evaluation,0.08860229685073573,0.13908716213178468,0.0723304052472194,0.1393221163079654,0.6727913218390803,0.32720867816091953
57,coord_cache_discrete_sac,tail,0.3604057580741236,0.535344224116847,0.132831946990662,0.7692389908062862,0.17667279411764708,0.823327205882353
57,coord_cache_discrete_sac,evaluation,0.16422274917413468,0.2611941804944836,0.06443654461000026,0.4839008031151852,0.3499875,0.6500125
57,discrete_sac_std_cache,tail,1.115460984798943,2.318852283362141,0.23555110983750432,3.546578681877605,0.16623161764705885,0.8337683823529413
57,discrete_sac_std_cache,evaluation,0.8058958946242346,1.1395008704071368,0.12514884777156132,2.9104744754755982,0.30552281609195403,0.6944771839080461
58,daoc_paper,tail,1.0864874033995473,1.800927644516923,0.11741203538794423,2.889319431052706,0.23355350553505536,0.7664464944649446
58,daoc_paper,evaluation,0.9386817069708,1.1900873181358964,0.10707826190773265,2.652948170043261,0.1028710344827586,0.8971289655172414
58,dqn_wdsa_std_cache,tail,0.918243579091196,1.3015283042857086,0.09012716858976257,3.199730748506762,0.10134870848708488,0.8986512915129152
58,dqn_wdsa_std_cache,evaluation,0.9664449688019648,1.3175515439406669,0.10537017906828215,3.5638820764056542,0.11528770114942528,0.8847122988505748
58,daoc_our_coord_cache,tail,0.3319783463448932,0.5629741549012149,0.15190078431086798,0.806962709620572,0.5039538745387454,0.49604612546125465
58,daoc_our_coord_cache,evaluation,0.3604726274149917,0.5487779412871453,0.11618450352471507,1.1601465462100817,0.2894200287356322,0.7105799712643678
58,lean_our,tail,0.26839269780684605,0.42825527550475395,0.1296484523267431,0.574139549831514,0.6602841328413285,0.3397158671586716
58,lean_our,evaluation,0.24902335452621369,0.3748041877429855,0.13328494883270253,0.5861103165696232,0.6483019540229885,0.35169804597701143
58,coord_cache_discrete_sac,tail,0.5584415188578503,0.7990458364117654,0.16666611875965381,1.4259199924596446,0.17793173431734316,0.8220682656826568
58,coord_cache_discrete_sac,evaluation,0.28909049435554246,0.43208700015444,0.13540291349704878,0.8526188708069519,0.4029079885057471,0.5970920114942528
58,discrete_sac_std_cache,tail,1.6828063758007492,2.525793760699433,0.17277359444188914,4.454869404769234,0.1601771217712177,0.8398228782287823
58,discrete_sac_std_cache,evaluation,1.1445739211116774,1.3769338094057089,0.11073218991097168,3.4400020911062343,0.24515761494252872,0.7548423850574713
59,daoc_paper,tail,0.5988167400078165,0.9808627022251968,0.11698751583809222,2.556704784701922,0.532434065934066,0.4675659340659341
59,daoc_paper,evaluation,0.8360848095321807,1.1419170737592237,0.1079162833467922,3.06176242946719,0.25768163793103444,0.7423183620689656
59,dqn_wdsa_std_cache,tail,1.5195078362181247,2.8561009561357116,0.08911183818642089,7.038392734419251,0.10966483516483519,0.8903351648351652
59,dqn_wdsa_std_cache,evaluation,1.583897671679245,1.8883585832640142,0.08958360675877129,7.80258005564203,0.0757514367816092,0.9242485632183909
59,daoc_our_coord_cache,tail,0.32361796282550626,1.2955272739889057,0.13141610517774405,1.727644700453559,0.5204615384615383,0.4795384615384615
59,daoc_our_coord_cache,evaluation,0.5586601596194524,0.692692691639688,0.13311658083427522,3.1991744788088305,0.3303412643678162,0.6696587356321839
59,lean_our,tail,0.22194461488010814,0.7084564257812008,0.12220391381895845,1.0313132036932195,0.7495366300366301,0.25046336996336993
59,lean_our,evaluation,0.32408609067980826,0.4805102004928481,0.12270445717336159,1.963036475733034,0.6576693103448277,0.3423306896551725
59,coord_cache_discrete_sac,tail,0.521796253550753,1.25971418586559,0.12480160806258463,2.247533401848008,0.18577106227106224,0.8142289377289379
59,coord_cache_discrete_sac,evaluation,0.43174601056012724,0.5937626582485946,0.12533485378354675,2.6155635735455123,0.5148709770114942,0.48512902298850585
59,discrete_sac_std_cache,tail,1.6057473024808353,2.863587557674903,0.12601301587147548,6.500909546219305,0.16279120879120876,0.8372087912087913
59,discrete_sac_std_cache,evaluation,1.3084184635436933,1.598541329989753,0.1303281278838806,5.606298061097932,0.34961060344827594,0.650389396551724
60,daoc_paper,tail,0.5824954198759793,0.8799122613437871,0.09110132237331584,1.6569609698228824,0.3311007194244604,0.6688992805755395
60,daoc_paper,evaluation,0.7214376729435727,1.1446015012276063,0.08339015345563208,2.478905796672603,0.10299071839080459,0.8970092816091954
60,dqn_wdsa_std_cache,tail,0.8841403425268088,1.2130088451545442,0.07100522229605813,2.875105068290677,0.14350539568345322,0.8564946043165469
60,dqn_wdsa_std_cache,evaluation,1.1148802648802663,1.7175994686275107,0.07729064835565772,3.4946406171326476,0.07657344827586207,0.9234265517241381
60,daoc_our_coord_cache,tail,0.34614100449963664,0.707684645027566,0.1351196155572469,1.7932803718087207,0.553230215827338,0.44676978417266183
60,daoc_our_coord_cache,evaluation,0.5703083291433971,0.9092572502512952,0.12503342135136428,2.5270219435079864,0.2632454885057471,0.7367545114942529
60,lean_our,tail,0.3184771754075537,0.7018743602833829,0.11338187290015636,1.360171524553442,0.6097535971223021,0.39024640287769785
60,lean_our,evaluation,0.46078912923766885,0.7615752766013206,0.11877151463694827,2.2179069826514652,0.49220316091954025,0.5077968390804597
60,coord_cache_discrete_sac,tail,0.5354338461711063,0.9304945069219982,0.10816465548005559,2.1304363453178583,0.1809928057553957,0.8190071942446043
60,coord_cache_discrete_sac,evaluation,0.47803469952454086,0.6556928266675033,0.09513913994371949,2.2294877235836883,0.23620712643678166,0.7637928735632186
60,discrete_sac_std_cache,tail,1.3304040951586273,2.023518566710166,0.11295051173333258,4.212725782965995,0.15549820143884893,0.844501798561151
60,discrete_sac_std_cache,evaluation,1.11749388936442,1.6813363703951025,0.14276433204576755,3.814068090157848,0.21302020114942524,0.7869797988505749
