episode,method,segment,seed_count,mean_finish_time,ci95_lower,ci95_upper
500,dqn_wdsa_std_cache,measured_full_horizon,10,1.374084731808347,1.1347711556091093,1.6133983080075844
1000,dqn_wdsa_std_cache,measured_full_horizon,10,1.2843849406323775,1.1282916872523256,1.4404781940124294
1500,dqn_wdsa_std_cache,measured_full_horizon,10,1.2081638245474176,1.03760054662104,1.378727102473795
2000,dqn_wdsa_std_cache,measured_full_horizon,10,1.142169548361513,0.9157280789324996,1.3686110177905266
2500,dqn_wdsa_std_cache,measured_full_horizon,10,1.1137399006857949,0.9771844944900605,1.2502953068815292
3000,dqn_wdsa_std_cache,measured_full_horizon,10,1.118413745866949,1.0009410870473483,1.2358864046865496
3500,dqn_wdsa_std_cache,measured_full_horizon,10,1.1095127541625716,0.9388109179547044,1.2802145903704387
4000,dqn_wdsa_std_cache,measured_full_horizon,10,1.1702040488922,1.0168987875633206,1.3235093102210795
4500,dqn_wdsa_std_cache,measured_full_horizon,10,1.314974325721551,1.0988443306354765,1.5311043208076254
5000,dqn_wdsa_std_cache,measured_full_horizon,10,1.2464718499518064,1.0558295428167284,1.4371141570868844
5500,dqn_wdsa_std_cache,measured_full_horizon,10,1.1257845613620143,0.9279680364099319,1.3236010863140968
6000,dqn_wdsa_std_cache,measured_full_horizon,10,1.1086877929180743,0.9143035173933138,1.3030720684428347
6500,dqn_wdsa_std_cache,measured_full_horizon,10,1.0989630811895887,0.9079304117970538,1.2899957505821238
7000,dqn_wdsa_std_cache,measured_full_horizon,10,1.0937028289832305,0.9044052117780181,1.2830004461884428
7500,dqn_wdsa_std_cache,measured_full_horizon,10,1.0831324778821314,0.8914208243820678,1.274844131382195
8000,dqn_wdsa_std_cache,measured_full_horizon,10,1.080731051959907,0.8830132904482761,1.2784488134715377
8500,dqn_wdsa_std_cache,measured_full_horizon,10,1.0847730646632658,0.890458353538705,1.2790877757878267
9000,dqn_wdsa_std_cache,measured_full_horizon,10,1.0855607788619515,0.8941431038338478,1.2769784538900553
9500,dqn_wdsa_std_cache,measured_full_horizon,10,1.0774064266485592,0.8828025432849202,1.2720103100121982
10000,dqn_wdsa_std_cache,measured_full_horizon,10,1.0748896138596948,0.8801245281606678,1.269654699558722
10500,dqn_wdsa_std_cache,measured_full_horizon,10,1.0853815161700486,0.8942180170988029,1.2765450152412945
11000,dqn_wdsa_std_cache,measured_full_horizon,10,1.0714727529831718,0.8815066916137242,1.2614388143526194
11500,dqn_wdsa_std_cache,measured_full_horizon,10,1.067236302502922,0.8757386318302176,1.2587339731756262
12000,dqn_wdsa_std_cache,measured_full_horizon,10,1.0631538844987323,0.8709562137583842,1.2553515552390804
12500,dqn_wdsa_std_cache,measured_full_horizon,10,1.0586297707850914,0.8656587470074314,1.2516007945627512
13000,dqn_wdsa_std_cache,measured_full_horizon,10,1.0609835312682763,0.8643399313747258,1.2576271311618268
13500,dqn_wdsa_std_cache,measured_full_horizon,10,1.0607314985972454,0.8636102218186974,1.2578527753757933
14000,dqn_wdsa_std_cache,measured_full_horizon,10,1.0606127853277596,0.8664075058124248,1.2548180648430944
14500,dqn_wdsa_std_cache,measured_full_horizon,10,1.0636246491694057,0.8733837628758268,1.2538655354629846
15000,dqn_wdsa_std_cache,measured_full_horizon,10,1.0649714595368476,0.8756749181740141,1.254268000899681
15500,dqn_wdsa_std_cache,measured_full_horizon,10,1.062517799880039,0.8718878429662748,1.2531477567938032
16000,dqn_wdsa_std_cache,measured_full_horizon,10,1.0593565637826399,0.8656997576457622,1.2530133699195174
16500,dqn_wdsa_std_cache,measured_full_horizon,10,1.0584017086952577,0.8644499762053717,1.2523534411851438
17000,dqn_wdsa_std_cache,measured_full_horizon,10,1.0584336584883436,0.8654139635924809,1.2514533533842063
17500,dqn_wdsa_std_cache,measured_full_horizon,10,1.0602421608589396,0.8688960829800202,1.2515882387378592
18000,dqn_wdsa_std_cache,measured_full_horizon,10,1.061150177453502,0.8710790180195989,1.251221336887405
18500,dqn_wdsa_std_cache,measured_full_horizon,10,1.062147924457873,0.8723785795527594,1.2519172693629868
19000,dqn_wdsa_std_cache,measured_full_horizon,10,1.0627212299532072,0.8729372975977847,1.2525051623086296
19500,dqn_wdsa_std_cache,measured_full_horizon,10,1.0629413726254726,0.8733535527997403,1.252529192451205
20000,dqn_wdsa_std_cache,measured_full_horizon,10,1.0629849613041749,0.8731551711751695,1.2528147514331802
20500,dqn_wdsa_std_cache,measured_full_horizon,10,1.0625158090140232,0.872894010004228,1.2521376080238185
21000,dqn_wdsa_std_cache,measured_full_horizon,10,1.0631826495621959,0.8735396711958783,1.2528256279285135
21500,dqn_wdsa_std_cache,measured_full_horizon,10,1.062889454742656,0.8733348844823381,1.2524440250029738
22000,dqn_wdsa_std_cache,measured_full_horizon,10,1.0631270591015336,0.8733575660887549,1.2528965521143123
22500,dqn_wdsa_std_cache,measured_full_horizon,10,1.0628698030819606,0.8734259580457784,1.2523136481181427
23000,dqn_wdsa_std_cache,measured_full_horizon,10,1.0627890591960605,0.873001875542984,1.252576242849137
23500,dqn_wdsa_std_cache,measured_full_horizon,10,1.062718852784555,0.8729786808657747,1.2524590247033354
24000,dqn_wdsa_std_cache,measured_full_horizon,10,1.0628849488161551,0.8731813490002062,1.2525885486321042
24500,dqn_wdsa_std_cache,measured_full_horizon,10,1.0626253638576717,0.872539589323346,1.2527111383919973
25000,dqn_wdsa_std_cache,measured_full_horizon,10,1.0638217001725674,0.8739704690793468,1.253672931265788
25500,dqn_wdsa_std_cache,measured_full_horizon,10,1.0636574486660983,0.874096263674402,1.2532186336577946
26000,dqn_wdsa_std_cache,measured_full_horizon,10,1.0640647985313436,0.874329393042258,1.2538002040204292
500,discrete_sac_std_cache,measured_full_horizon,10,1.8137042268078312,1.630887643640899,1.9965208099747633
1000,discrete_sac_std_cache,measured_full_horizon,10,1.661360640442383,1.470287271075221,1.852434009809545
1500,discrete_sac_std_cache,measured_full_horizon,10,1.6331896362813532,1.4508800644396602,1.815499208123046
2000,discrete_sac_std_cache,measured_full_horizon,10,1.6179545245489888,1.4436219729616597,1.7922870761363179
2500,discrete_sac_std_cache,measured_full_horizon,10,1.6175502456655633,1.439039169612954,1.7960613217181725
3000,discrete_sac_std_cache,measured_full_horizon,10,1.596654851043873,1.407842813463206,1.78546688862454
3500,discrete_sac_std_cache,measured_full_horizon,10,1.5941361563104866,1.4101490937613197,1.7781232188596534
4000,discrete_sac_std_cache,measured_full_horizon,10,1.56348402261069,1.3864448189975025,1.7405232262238777
4500,discrete_sac_std_cache,measured_full_horizon,10,1.5970853354247037,1.442354866540402,1.7518158043090053
5000,discrete_sac_std_cache,measured_full_horizon,10,1.6255934014084445,1.4654706016322676,1.7857162011846215
5500,discrete_sac_std_cache,measured_full_horizon,10,1.5674640658506205,1.3100465810397828,1.8248815506614582
6000,discrete_sac_std_cache,measured_full_horizon,10,1.5378526342181555,1.2848621640854094,1.7908431043509017
6500,discrete_sac_std_cache,measured_full_horizon,10,1.5229221456704334,1.2686545196387478,1.777189771702119
7000,discrete_sac_std_cache,measured_full_horizon,10,1.5093114656863924,1.252388623205409,1.766234308167376
7500,discrete_sac_std_cache,measured_full_horizon,10,1.5034434651626483,1.246513303903214,1.7603736264220826
8000,discrete_sac_std_cache,measured_full_horizon,10,1.500381242776533,1.2429836206612326,1.7577788648918335
8500,discrete_sac_std_cache,measured_full_horizon,10,1.4958199321004289,1.236574031111444,1.7550658330894138
9000,discrete_sac_std_cache,measured_full_horizon,10,1.4987444114906068,1.238736988595064,1.7587518343861495
9500,discrete_sac_std_cache,measured_full_horizon,10,1.4962459059359436,1.2359585059856228,1.7565333058862644
10000,discrete_sac_std_cache,measured_full_horizon,10,1.5010697580869763,1.242993849883931,1.7591456662900216
10500,discrete_sac_std_cache,measured_full_horizon,10,1.4997022783815817,1.2394724008574822,1.759932155905681
11000,discrete_sac_std_cache,measured_full_horizon,10,1.499967051494962,1.2391988713673219,1.760735231622602
11500,discrete_sac_std_cache,measured_full_horizon,10,1.501018941014494,1.2396058392360811,1.762432042792907
12000,discrete_sac_std_cache,measured_full_horizon,10,1.5042941578751248,1.2453595773054744,1.7632287384447751
12500,discrete_sac_std_cache,measured_full_horizon,10,1.502189734638399,1.242350540632148,1.76202892864465
13000,discrete_sac_std_cache,measured_full_horizon,10,1.5050066150127477,1.2451450133711148,1.7648682166543805
13500,discrete_sac_std_cache,measured_full_horizon,10,1.5048999235903595,1.2466972625095145,1.7631025846712045
14000,discrete_sac_std_cache,measured_full_horizon,10,1.5049980038597046,1.247056557801182,1.7629394499182272
14500,discrete_sac_std_cache,measured_full_horizon,10,1.5058478820474233,1.2459764316186517,1.7657193324761948
15000,discrete_sac_std_cache,measured_full_horizon,10,1.5074199622807838,1.248414215806975,1.7664257087545925
15500,discrete_sac_std_cache,measured_full_horizon,10,1.50875386634655,1.2471046009587101,1.77040313173439
16000,discrete_sac_std_cache,measured_full_horizon,10,1.5090253321125775,1.2499176528701967,1.7681330113549583
16500,discrete_sac_std_cache,measured_full_horizon,10,1.513166139190226,1.2541450620127772,1.7721872163676748
17000,discrete_sac_std_cache,measured_full_horizon,10,1.5101068930199895,1.2512159602953812,1.7689978257445977
17500,discrete_sac_std_cache,measured_full_horizon,10,1.5143895101940097,1.254823977222536,1.7739550431654834
18000,discrete_sac_std_cache,measured_full_horizon,10,1.5150936096122567,1.2551700928649865,1.775017126359527
18500,discrete_sac_std_cache,measured_full_horizon,10,1.5165542213307155,1.2562694149770672,1.7768390276843637
19000,discrete_sac_std_cache,measured_full_horizon,10,1.518126640523251,1.2583673554271533,1.7778859256193487
19500,discrete_sac_std_cache,measured_full_horizon,10,1.51946546487714,1.2595302594846418,1.779400670269638
20000,discrete_sac_std_cache,measured_full_horizon,10,1.5191558482060468,1.260642507682491,1.7776691887296026
20500,discrete_sac_std_cache,measured_full_horizon,10,1.5199017429357382,1.262874495321798,1.7769289905496783
21000,discrete_sac_std_cache,measured_full_horizon,10,1.523110678378139,1.264692612814452,1.781528743941826
21500,discrete_sac_std_cache,measured_full_horizon,10,1.5258842740698129,1.2690728506134117,1.782695697526214
22000,discrete_sac_std_cache,measured_full_horizon,10,1.5240036556810126,1.2657355920645994,1.7822717192974258
22500,discrete_sac_std_cache,measured_full_horizon,10,1.527998977185843,1.2693034291049452,1.786694525266741
23000,discrete_sac_std_cache,measured_full_horizon,10,1.5286822581277295,1.2692992217221608,1.7880652945332982
23500,discrete_sac_std_cache,measured_full_horizon,10,1.5286673712103833,1.2703457837655736,1.786988958655193
24000,discrete_sac_std_cache,measured_full_horizon,10,1.5290045261085485,1.2720192395723067,1.7859898126447904
24500,discrete_sac_std_cache,measured_full_horizon,10,1.530637115924096,1.274188097574405,1.7870861342737867
25000,discrete_sac_std_cache,measured_full_horizon,10,1.5301091329649155,1.2731154137308462,1.7871028521989847
25500,discrete_sac_std_cache,measured_full_horizon,10,1.5289209197959384,1.27210445807158,1.7857373815202968
26000,discrete_sac_std_cache,measured_full_horizon,10,1.5294540039415179,1.2738885532720403,1.7850194546109954
500,daoc_paper,measured_full_horizon,10,1.126411505974019,0.9923156187978216,1.2605073931502164
1000,daoc_paper,measured_full_horizon,10,1.024611600261585,0.8814352621071815,1.1677879384159886
1500,daoc_paper,measured_full_horizon,10,0.9525038240375261,0.8132259414584149,1.0917817066166373
2000,daoc_paper,measured_full_horizon,10,0.9267474949577359,0.7948912779988941,1.0586037119165776
2500,daoc_paper,measured_full_horizon,10,0.8944479150192048,0.7766961954112719,1.0121996346271378
3000,daoc_paper,measured_full_horizon,10,0.8702379195352121,0.7680873381540784,0.9723885009163459
3500,daoc_paper,measured_full_horizon,10,0.8875721152213749,0.7790719675903236,0.9960722628524262
4000,daoc_paper,measured_full_horizon,10,0.8785748403222369,0.7796633882650876,0.9774862923793861
4500,daoc_paper,measured_full_horizon,10,0.8775234490849158,0.7686453881312665,0.986401510038565
5000,daoc_paper,measured_full_horizon,10,0.8708335058633917,0.7357210658424747,1.0059459458843087
5500,daoc_paper,measured_full_horizon,10,0.7546928655236069,0.6085403113684106,0.9008454196788033
6000,daoc_paper,measured_full_horizon,10,0.7472422490381951,0.6026902928779561,0.8917942051984342
6500,daoc_paper,measured_full_horizon,10,0.7506685446131168,0.6032707668119462,0.8980663224142874
7000,daoc_paper,measured_full_horizon,10,0.7481805727154006,0.602267314901626,0.8940938305291752
7500,daoc_paper,measured_full_horizon,10,0.7413384823282207,0.5914665230604793,0.8912104415959622
8000,daoc_paper,measured_full_horizon,10,0.732843541170154,0.5821900438885896,0.8834970384517185
8500,daoc_paper,measured_full_horizon,10,0.7278126846560671,0.5803644498403199,0.8752609194718143
9000,daoc_paper,measured_full_horizon,10,0.728151699769394,0.5797603247173253,0.8765430748214627
9500,daoc_paper,measured_full_horizon,10,0.722778355186223,0.5729175127083912,0.8726391976640548
10000,daoc_paper,measured_full_horizon,10,0.7146597290426342,0.5632537165919671,0.8660657414933013
10500,daoc_paper,measured_full_horizon,10,0.714591408762469,0.5659533465448356,0.8632294709801023
11000,daoc_paper,measured_full_horizon,10,0.7148262532799466,0.5655881504004507,0.8640643561594425
11500,daoc_paper,measured_full_horizon,10,0.7119098145976137,0.5624378611045684,0.861381768090659
12000,daoc_paper,measured_full_horizon,10,0.7114129724272026,0.5612138343410524,0.8616121105133527
12500,daoc_paper,measured_full_horizon,10,0.7099690228666404,0.5581726911786882,0.8617653545545927
13000,daoc_paper,measured_full_horizon,10,0.7116099295739475,0.5593294057178673,0.8638904534300278
13500,daoc_paper,measured_full_horizon,10,0.7109435283996246,0.5584668177458842,0.863420239053365
14000,daoc_paper,measured_full_horizon,10,0.71015568690089,0.5586304980502177,0.8616808757515624
14500,daoc_paper,measured_full_horizon,10,0.7098780209557771,0.5584354442384756,0.8613205976730787
15000,daoc_paper,measured_full_horizon,10,0.7111813552147054,0.561734457789704,0.8606282526397068
15500,daoc_paper,measured_full_horizon,10,0.7084651855392927,0.5585276175881827,0.8584027534904027
16000,daoc_paper,measured_full_horizon,10,0.7077084042397237,0.5591170852642429,0.8562997232152045
16500,daoc_paper,measured_full_horizon,10,0.706869170771575,0.5577286634167912,0.8560096781263588
17000,daoc_paper,measured_full_horizon,10,0.7081480548270442,0.5586647076430682,0.8576314020110203
17500,daoc_paper,measured_full_horizon,10,0.7085868374704868,0.5581881342475337,0.8589855406934399
18000,daoc_paper,measured_full_horizon,10,0.7099606817710533,0.5597133048074172,0.8602080587346894
18500,daoc_paper,measured_full_horizon,10,0.7106544283233455,0.5609555037464226,0.8603533529002684
19000,daoc_paper,measured_full_horizon,10,0.7086907117094519,0.5579425059811419,0.8594389174377618
19500,daoc_paper,measured_full_horizon,10,0.7087135841992094,0.5575977659326904,0.8598294024657284
20000,daoc_paper,measured_full_horizon,10,0.7093687572756051,0.5585617504899633,0.860175764061247
20500,daoc_paper,measured_full_horizon,10,0.7096129393994142,0.5588221260206092,0.8604037527782191
21000,daoc_paper,measured_full_horizon,10,0.7085940686803991,0.5577942030234848,0.8593939343373134
21500,daoc_paper,measured_full_horizon,10,0.707805238950558,0.556929567325102,0.858680910576014
22000,daoc_paper,measured_full_horizon,10,0.7078580991484473,0.5566413078895663,0.8590748904073283
22500,daoc_paper,measured_full_horizon,10,0.7060989710232644,0.5550760863002333,0.8571218557462954
23000,daoc_paper,measured_full_horizon,10,0.7068236321032069,0.5567039347487482,0.8569433294576655
23500,daoc_paper,measured_full_horizon,10,0.7084195215138541,0.5581995190520392,0.858639523975669
24000,daoc_paper,measured_full_horizon,10,0.7075718322084963,0.5573510936590818,0.8577925707579108
24500,daoc_paper,measured_full_horizon,10,0.7075696216703344,0.5586684752719724,0.8564707680686965
25000,daoc_paper,measured_full_horizon,10,0.7076173788642922,0.5581290544566792,0.8571057032719053
25500,daoc_paper,measured_full_horizon,10,0.7080351705131507,0.5580622841106042,0.8580080569156971
26000,daoc_paper,measured_full_horizon,10,0.707856038927491,0.5577096225399514,0.8580024553150307
500,daoc_our_coord_cache,measured_full_horizon,10,0.4977502813532248,0.40259605003759164,0.5929045126688579
1000,daoc_our_coord_cache,measured_full_horizon,10,0.44042183230508164,0.3472000000502047,0.5336436645599586
1500,daoc_our_coord_cache,measured_full_horizon,10,0.4143630725247441,0.32751606255580595,0.5012100824936823
2000,daoc_our_coord_cache,measured_full_horizon,10,0.39359695243874177,0.3072198385282746,0.4799740663492089
2500,daoc_our_coord_cache,measured_full_horizon,10,0.3795871839662042,0.29502530474576183,0.4641490631866466
3000,daoc_our_coord_cache,measured_full_horizon,10,0.37336518504604027,0.289472003591209,0.45725836650087154
3500,daoc_our_coord_cache,measured_full_horizon,10,0.3600916922260115,0.2783841080527818,0.4417992763992412
4000,daoc_our_coord_cache,measured_full_horizon,10,0.3499015839856567,0.2645029570598108,0.43530021091150256
4500,daoc_our_coord_cache,measured_full_horizon,10,0.3408477940415833,0.2534009335984022,0.42829465448476434
5000,daoc_our_coord_cache,measured_full_horizon,10,0.3348692319195616,0.24724181277604074,0.42249665106308243
5500,daoc_our_coord_cache,measured_full_horizon,10,0.3285536896701894,0.24548815515459005,0.4116192241857887
6000,daoc_our_coord_cache,measured_full_horizon,10,0.32744551823088647,0.24776670496826245,0.40712433149351046
6500,daoc_our_coord_cache,measured_full_horizon,10,0.31626266118821095,0.2325164665010182,0.4000088558754037
7000,daoc_our_coord_cache,measured_full_horizon,10,0.31228097437518265,0.2279868632015102,0.3965750855488551
7500,daoc_our_coord_cache,measured_full_horizon,10,0.3093101128439112,0.22622248986794213,0.39239773581988024
8000,daoc_our_coord_cache,measured_full_horizon,10,0.3033782167378748,0.21952519678153354,0.38723123669421605
8500,daoc_our_coord_cache,measured_full_horizon,10,0.29750144690561825,0.21536030378187937,0.37964259002935713
9000,daoc_our_coord_cache,measured_full_horizon,10,0.2948426940093139,0.2142124116565034,0.3754729763621244
9500,daoc_our_coord_cache,measured_full_horizon,10,0.29906233487890144,0.21917304480964683,0.37895162494815604
10000,daoc_our_coord_cache,measured_full_horizon,10,0.2932909611655125,0.21107552612710445,0.37550639620392057
10500,daoc_our_coord_cache,measured_full_horizon,10,0.2877471342187094,0.20438653080502175,0.371107737632397
11000,daoc_our_coord_cache,measured_full_horizon,10,0.28468668584526624,0.2033106493918857,0.3660627222986468
11500,daoc_our_coord_cache,measured_full_horizon,10,0.2814729909371774,0.20044367709689825,0.3625023047774566
12000,daoc_our_coord_cache,measured_full_horizon,10,0.27624442070742633,0.19284448442385388,0.3596443569909988
12500,daoc_our_coord_cache,measured_full_horizon,10,0.2749060163361752,0.19372864690208683,0.35608338577026355
13000,daoc_our_coord_cache,measured_full_horizon,10,0.27557312069050427,0.19609660041590402,0.3550496409651045
13500,daoc_our_coord_cache,measured_full_horizon,10,0.27673702807391126,0.19750464122522232,0.3559694149226002
14000,daoc_our_coord_cache,measured_full_horizon,10,0.27800589927500907,0.19988619921406026,0.3561255993359579
14500,daoc_our_coord_cache,measured_full_horizon,10,0.27624122309615184,0.19935744569425656,0.3531250004980471
15000,daoc_our_coord_cache,measured_full_horizon,10,0.27536296567378044,0.1985749344800471,0.3521509968675138
15500,daoc_our_coord_cache,measured_full_horizon,10,0.27528541730567624,0.19655295176639168,0.35401788284496083
16000,daoc_our_coord_cache,measured_full_horizon,10,0.27488953036911645,0.1973053099123211,0.3524737508259118
16500,daoc_our_coord_cache,measured_full_horizon,10,0.2732662156190055,0.19525659941757836,0.35127583182043265
17000,daoc_our_coord_cache,measured_full_horizon,10,0.27254492460064966,0.19461901665180675,0.3504708325494926
17500,daoc_our_coord_cache,measured_full_horizon,10,0.2727222483555306,0.19453684261115467,0.35090765409990654
18000,daoc_our_coord_cache,measured_full_horizon,10,0.27325447619136994,0.19565581317387193,0.35085313920886796
18500,daoc_our_coord_cache,measured_full_horizon,10,0.272777003803947,0.19529556921315364,0.35025843839474036
19000,daoc_our_coord_cache,measured_full_horizon,10,0.27356877585463624,0.19602578243044982,0.35111176927882265
19500,daoc_our_coord_cache,measured_full_horizon,10,0.27321285043380605,0.19596443039233333,0.35046127047527875
20000,daoc_our_coord_cache,measured_full_horizon,10,0.2727855970985863,0.19576837810597936,0.34980281609119324
20500,daoc_our_coord_cache,measured_full_horizon,10,0.2728172595893359,0.19558228360764285,0.35005223557102894
21000,daoc_our_coord_cache,measured_full_horizon,10,0.27271726773473504,0.19506370992091457,0.3503708255485555
21500,daoc_our_coord_cache,measured_full_horizon,10,0.2728760813101006,0.1944343054910722,0.351317857129129
22000,daoc_our_coord_cache,measured_full_horizon,10,0.2731619389556385,0.1948529747355126,0.3514709031757644
22500,daoc_our_coord_cache,measured_full_horizon,10,0.2726018387270136,0.19400992361063368,0.3511937538433935
23000,daoc_our_coord_cache,measured_full_horizon,10,0.27250042992472717,0.19432565742334085,0.3506752024261135
23500,daoc_our_coord_cache,measured_full_horizon,10,0.2726223718724793,0.19462696537214622,0.3506177783728124
24000,daoc_our_coord_cache,measured_full_horizon,10,0.2736026639705849,0.19511829479637005,0.3520870331447998
24500,daoc_our_coord_cache,measured_full_horizon,10,0.2731341814600959,0.19421848841214784,0.3520498745080439
25000,daoc_our_coord_cache,measured_full_horizon,10,0.2723577314350437,0.19358870648457072,0.3511267563855167
25500,daoc_our_coord_cache,measured_full_horizon,10,0.27279358542427534,0.19389285432907166,0.351694316519479
26000,daoc_our_coord_cache,measured_full_horizon,10,0.272495111359316,0.1935403040204256,0.35144991869820635
500,coord_cache_discrete_sac,measured_full_horizon,10,0.5933921638514864,0.4970151450075882,0.6897691826953846
1000,coord_cache_discrete_sac,measured_full_horizon,10,0.5067766650872607,0.41263937075126,0.6009139594232614
1500,coord_cache_discrete_sac,measured_full_horizon,10,0.48918398054415935,0.3992862072730715,0.5790817538152472
2000,coord_cache_discrete_sac,measured_full_horizon,10,0.4808464856183864,0.3920538974680212,0.5696390737687516
2500,coord_cache_discrete_sac,measured_full_horizon,10,0.47536098881550826,0.3873799747457624,0.5633420028852542
3000,coord_cache_discrete_sac,measured_full_horizon,10,0.4716047183163773,0.3841805051682242,0.5590289314645304
3500,coord_cache_discrete_sac,measured_full_horizon,10,0.4713966837956477,0.3826391018521852,0.5601542657391102
4000,coord_cache_discrete_sac,measured_full_horizon,10,0.47050278400814366,0.3822280014657966,0.5587775665504907
4500,coord_cache_discrete_sac,measured_full_horizon,10,0.4701413249765059,0.3819999956358779,0.558282654317134
5000,coord_cache_discrete_sac,measured_full_horizon,10,0.4712863846205521,0.38193836502519485,0.5606344042159094
5500,coord_cache_discrete_sac,measured_full_horizon,10,0.47062280284730773,0.38154221964791196,0.5597033860467036
6000,coord_cache_discrete_sac,measured_full_horizon,10,0.4708917563995759,0.38266647912678375,0.5591170336723681
6500,coord_cache_discrete_sac,measured_full_horizon,10,0.4714401899658104,0.38261225588784975,0.560268124043771
7000,coord_cache_discrete_sac,measured_full_horizon,10,0.4721681879526149,0.3836190357755493,0.5607173401296806
7500,coord_cache_discrete_sac,measured_full_horizon,10,0.47314030688674774,0.3840556781298683,0.5622249356436272
8000,coord_cache_discrete_sac,measured_full_horizon,10,0.473741699171616,0.3843872061260982,0.5630961922171338
8500,coord_cache_discrete_sac,measured_full_horizon,10,0.47335164415654474,0.3841683472175823,0.5625349410955072
9000,coord_cache_discrete_sac,measured_full_horizon,10,0.4751688534016122,0.3854194537303366,0.5649182530728878
9500,coord_cache_discrete_sac,measured_full_horizon,10,0.4755455073301274,0.38590834332771384,0.565182671332541
10000,coord_cache_discrete_sac,measured_full_horizon,10,0.4755550742687267,0.3860871773622772,0.5650229711751762
10500,coord_cache_discrete_sac,measured_full_horizon,10,0.4770794384169049,0.3872581490317882,0.5669007278020216
11000,coord_cache_discrete_sac,measured_full_horizon,10,0.4769890894181872,0.3874450348678037,0.5665331439685707
11500,coord_cache_discrete_sac,measured_full_horizon,10,0.47870391412449037,0.3886585077087885,0.5687493205401922
12000,coord_cache_discrete_sac,measured_full_horizon,10,0.47870993282955787,0.38878822152620435,0.5686316441329113
12500,coord_cache_discrete_sac,measured_full_horizon,10,0.4792567452963115,0.3898095216081602,0.5687039689844628
13000,coord_cache_discrete_sac,measured_full_horizon,10,0.4796438042165986,0.39041547140615473,0.5688721370270424
13500,coord_cache_discrete_sac,measured_full_horizon,10,0.4800461350375178,0.3908914599139226,0.569200810161113
14000,coord_cache_discrete_sac,measured_full_horizon,10,0.48014962144214773,0.3922496678684349,0.5680495750158606
14500,coord_cache_discrete_sac,measured_full_horizon,10,0.48110598464305604,0.3923582447733034,0.5698537245128087
15000,coord_cache_discrete_sac,measured_full_horizon,10,0.4819651717094987,0.3931133536024246,0.5708169898165728
15500,coord_cache_discrete_sac,measured_full_horizon,10,0.48205037299032816,0.39373457283942453,0.5703661731412317
16000,coord_cache_discrete_sac,measured_full_horizon,10,0.48178758896972307,0.39405068355323475,0.5695244943862114
16500,coord_cache_discrete_sac,measured_full_horizon,10,0.48194437728695283,0.39370308753654665,0.5701856670373591
17000,coord_cache_discrete_sac,measured_full_horizon,10,0.48327699153200576,0.39463602653136975,0.5719179565326418
17500,coord_cache_discrete_sac,measured_full_horizon,10,0.48294161813280445,0.3946126714737771,0.5712705647918318
18000,coord_cache_discrete_sac,measured_full_horizon,10,0.48444532046470085,0.3966819802092199,0.5722086607201817
18500,coord_cache_discrete_sac,measured_full_horizon,10,0.4851877504014702,0.3972292144183161,0.5731462863846244
19000,coord_cache_discrete_sac,measured_full_horizon,10,0.4844380433571878,0.3961708629650824,0.5727052237492932
19500,coord_cache_discrete_sac,measured_full_horizon,10,0.48555220506047575,0.3976732646105588,0.5734311455103928
20000,coord_cache_discrete_sac,measured_full_horizon,10,0.48423738698872115,0.39617080100909857,0.5723039729683437
20500,coord_cache_discrete_sac,measured_full_horizon,10,0.48651046735704295,0.3979862467036583,0.5750346880104277
21000,coord_cache_discrete_sac,measured_full_horizon,10,0.4857784437295655,0.39762568216640004,0.573931205292731
21500,coord_cache_discrete_sac,measured_full_horizon,10,0.4866012336789568,0.39880560266156506,0.5743968646963485
22000,coord_cache_discrete_sac,measured_full_horizon,10,0.4867956411107497,0.3987479138814243,0.5748433683400751
22500,coord_cache_discrete_sac,measured_full_horizon,10,0.48675701374466707,0.3984845127087792,0.575029514780555
23000,coord_cache_discrete_sac,measured_full_horizon,10,0.4872496740255226,0.39950472834244405,0.5749946197086011
23500,coord_cache_discrete_sac,measured_full_horizon,10,0.48757748931703554,0.3995569779431658,0.5755980006909053
24000,coord_cache_discrete_sac,measured_full_horizon,10,0.4869051513915467,0.3992799142637513,0.5745303885193421
24500,coord_cache_discrete_sac,measured_full_horizon,10,0.48750567564908565,0.39949264177871185,0.5755187095194595
25000,coord_cache_discrete_sac,measured_full_horizon,10,0.48871484660436615,0.40062562796011497,0.5768040652486173
25500,coord_cache_discrete_sac,measured_full_horizon,10,0.48835919304053277,0.40057308990754315,0.5761452961735224
26000,coord_cache_discrete_sac,measured_full_horizon,10,0.48826752754192304,0.4010297485925467,0.5755053064912994
500,lean_our,measured_full_horizon,10,0.419629469451416,0.32401779262842456,0.5152411462744074
1000,lean_our,measured_full_horizon,10,0.2699717682369808,0.18434593127673105,0.3555976051972306
1500,lean_our,measured_full_horizon,10,0.24333459402241572,0.16343339957368486,0.3232357884711466
2000,lean_our,measured_full_horizon,10,0.23450862497192201,0.15850162601236661,0.3105156239314774
2500,lean_our,measured_full_horizon,10,0.2317526251109653,0.15541914301664483,0.3080861072052858
3000,lean_our,measured_full_horizon,10,0.23139753042332703,0.15472424451637926,0.3080708163302748
3500,lean_our,measured_full_horizon,10,0.22932773965202108,0.1528205956199153,0.30583488368412687
4000,lean_our,measured_full_horizon,10,0.22905318075037612,0.1512784498955768,0.3068279116051754
4500,lean_our,measured_full_horizon,10,0.22552274777203038,0.15035019831175983,0.30069529723230093
5000,lean_our,measured_full_horizon,10,0.22652273735444708,0.15022164288929346,0.3028238318196007
5500,lean_our,measured_full_horizon,10,0.2260235846096323,0.15056026756810445,0.3014869016511601
6000,lean_our,measured_full_horizon,10,0.22557117104643956,0.14903928417071002,0.30210305792216907
6500,lean_our,measured_full_horizon,10,0.22368926931337726,0.1491031477008997,0.29827539092585487
7000,lean_our,measured_full_horizon,10,0.22539592468909825,0.1498394119285424,0.3009524374496541
7500,lean_our,measured_full_horizon,10,0.22537199598117827,0.15083387778715346,0.2999101141752031
8000,lean_our,measured_full_horizon,10,0.2224036173352395,0.14947935490318065,0.29532787976729835
8500,lean_our,measured_full_horizon,10,0.22292942816308264,0.14882479200334425,0.29703406432282103
9000,lean_our,measured_full_horizon,10,0.22293440537784054,0.14700061523720104,0.29886819551848004
9500,lean_our,measured_full_horizon,10,0.22420309982392114,0.14737918433129188,0.3010270153165504
10000,lean_our,measured_full_horizon,10,0.22467770773765272,0.14707828142259574,0.30227713405270973
10500,lean_our,measured_full_horizon,10,0.22437380668987314,0.14783883917582719,0.3009087742039191
11000,lean_our,measured_full_horizon,10,0.22494220991646366,0.1484429570815964,0.3014414627513309
11500,lean_our,measured_full_horizon,10,0.22312784088479232,0.14683729552122693,0.2994183862483577
12000,lean_our,measured_full_horizon,10,0.22453293501403984,0.14735322882806773,0.30171264120001196
12500,lean_our,measured_full_horizon,10,0.2241967685034401,0.1470459495273144,0.3013475874795658
13000,lean_our,measured_full_horizon,10,0.22410981106346833,0.14684311323092264,0.30137650889601403
13500,lean_our,measured_full_horizon,10,0.22366106245234887,0.14701976595670807,0.3003023589479897
14000,lean_our,measured_full_horizon,10,0.22496620209409185,0.14744113192248148,0.3024912722657022
14500,lean_our,measured_full_horizon,10,0.2242669137564038,0.1468667302313933,0.30166709728141433
15000,lean_our,measured_full_horizon,10,0.22422626869641168,0.14629819135535402,0.3021543460374694
15500,lean_our,measured_full_horizon,10,0.22321195165753407,0.14574333339057233,0.3006805699244958
16000,lean_our,measured_full_horizon,10,0.22263672006554666,0.14541301052392205,0.2998604296071713
16500,lean_our,measured_full_horizon,10,0.2233116053498024,0.1461148601848422,0.3005083505147626
17000,lean_our,measured_full_horizon,10,0.22186581779308176,0.14580578061378224,0.2979258549723813
17500,lean_our,measured_full_horizon,10,0.22155652652249383,0.14574139017253993,0.29737166287244776
18000,lean_our,measured_full_horizon,10,0.22230076103714494,0.14519918402733156,0.2994023380469583
18500,lean_our,measured_full_horizon,10,0.2213350215031776,0.14423403412651586,0.29843600887983934
19000,lean_our,measured_full_horizon,10,0.2217972695624563,0.14513526740182664,0.29845927172308595
19500,lean_our,measured_full_horizon,10,0.22249692652733088,0.14584513168103663,0.29914872137362514
20000,lean_our,measured_full_horizon,10,0.2225368991850006,0.14610863642044408,0.29896516194955713
20500,lean_our,measured_full_horizon,10,0.2220705107616025,0.14597062435980995,0.29817039716339505
21000,lean_our,measured_full_horizon,10,0.22419787149742554,0.1474381727673999,0.3009575702274512
21500,lean_our,measured_full_horizon,10,0.2236990824593613,0.1465125245878137,0.3008856403309089
22000,lean_our,measured_full_horizon,10,0.22115638320939088,0.1441696376289467,0.29814312878983507
22500,lean_our,measured_full_horizon,10,0.21979471866817418,0.14430661374745613,0.29528282358889224
23000,lean_our,measured_full_horizon,10,0.2210659359056879,0.14460541659272647,0.29752645521864934
23500,lean_our,measured_full_horizon,10,0.2201938109773252,0.14468274285980615,0.2957048790948443
24000,lean_our,measured_full_horizon,10,0.22201356820192633,0.14598148966197583,0.29804564674187684
24500,lean_our,measured_full_horizon,10,0.22149499200715245,0.14511503106992873,0.29787495294437616
25000,lean_our,measured_full_horizon,10,0.22201717642103666,0.1457958160719594,0.2982385367701139
25500,lean_our,measured_full_horizon,10,0.22129018848385532,0.14533610883475295,0.2972442681329577
26000,lean_our,measured_full_horizon,10,0.22329582229269276,0.14531830190327982,0.3012733426821057
500,random,non_learning_reference,10,1.8570712478141858,1.6931050745174439,2.0210374211109277
1000,random,non_learning_reference,10,1.8570712478141858,1.6931050745174439,2.0210374211109277
1500,random,non_learning_reference,10,1.8570712478141858,1.6931050745174439,2.0210374211109277
2000,random,non_learning_reference,10,1.8570712478141858,1.6931050745174439,2.0210374211109277
2500,random,non_learning_reference,10,1.8570712478141858,1.6931050745174439,2.0210374211109277
3000,random,non_learning_reference,10,1.8570712478141858,1.6931050745174439,2.0210374211109277
3500,random,non_learning_reference,10,1.8570712478141858,1.6931050745174439,2.0210374211109277
4000,random,non_learning_reference,10,1.8570712478141858,1.6931050745174439,2.0210374211109277
4500,random,non_learning_reference,10,1.8570712478141858,1.6931050745174439,2.0210374211109277
5000,random,non_learning_reference,10,1.8570712478141858,1.6931050745174439,2.0210374211109277
5500,random,non_learning_reference,10,1.8570712478141858,1.6931050745174439,2.0210374211109277
6000,random,non_learning_reference,10,1.8570712478141858,1.6931050745174439,2.0210374211109277
6500,random,non_learning_reference,10,1.8570712478141858,1.6931050745174439,2.0210374211109277
7000,random,non_learning_reference,10,1.8570712478141858,1.6931050745174439,2.0210374211109277
7500,random,non_learning_reference,10,1.8570712478141858,1.6931050745174439,2.0210374211109277
8000,random,non_learning_reference,10,1.8570712478141858,1.6931050745174439,2.0210374211109277
8500,random,non_learning_reference,10,1.8570712478141858,1.6931050745174439,2.0210374211109277
9000,random,non_learning_reference,10,1.8570712478141858,1.6931050745174439,2.0210374211109277
9500,random,non_learning_reference,10,1.8570712478141858,1.6931050745174439,2.0210374211109277
10000,random,non_learning_reference,10,1.8570712478141858,1.6931050745174439,2.0210374211109277
10500,random,non_learning_reference,10,1.8570712478141858,1.6931050745174439,2.0210374211109277
11000,random,non_learning_reference,10,1.8570712478141858,1.6931050745174439,2.0210374211109277
11500,random,non_learning_reference,10,1.8570712478141858,1.6931050745174439,2.0210374211109277
12000,random,non_learning_reference,10,1.8570712478141858,1.6931050745174439,2.0210374211109277
12500,random,non_learning_reference,10,1.8570712478141858,1.6931050745174439,2.0210374211109277
13000,random,non_learning_reference,10,1.8570712478141858,1.6931050745174439,2.0210374211109277
13500,random,non_learning_reference,10,1.8570712478141858,1.6931050745174439,2.0210374211109277
14000,random,non_learning_reference,10,1.8570712478141858,1.6931050745174439,2.0210374211109277
14500,random,non_learning_reference,10,1.8570712478141858,1.6931050745174439,2.0210374211109277
15000,random,non_learning_reference,10,1.8570712478141858,1.6931050745174439,2.0210374211109277
15500,random,non_learning_reference,10,1.8570712478141858,1.6931050745174439,2.0210374211109277
16000,random,non_learning_reference,10,1.8570712478141858,1.6931050745174439,2.0210374211109277
16500,random,non_learning_reference,10,1.8570712478141858,1.6931050745174439,2.0210374211109277
17000,random,non_learning_reference,10,1.8570712478141858,1.6931050745174439,2.0210374211109277
17500,random,non_learning_reference,10,1.8570712478141858,1.6931050745174439,2.0210374211109277
18000,random,non_learning_reference,10,1.8570712478141858,1.6931050745174439,2.0210374211109277
18500,random,non_learning_reference,10,1.8570712478141858,1.6931050745174439,2.0210374211109277
19000,random,non_learning_reference,10,1.8570712478141858,1.6931050745174439,2.0210374211109277
19500,random,non_learning_reference,10,1.8570712478141858,1.6931050745174439,2.0210374211109277
20000,random,non_learning_reference,10,1.8570712478141858,1.6931050745174439,2.0210374211109277
20500,random,non_learning_reference,10,1.8570712478141858,1.6931050745174439,2.0210374211109277
21000,random,non_learning_reference,10,1.8570712478141858,1.6931050745174439,2.0210374211109277
21500,random,non_learning_reference,10,1.8570712478141858,1.6931050745174439,2.0210374211109277
22000,random,non_learning_reference,10,1.8570712478141858,1.6931050745174439,2.0210374211109277
22500,random,non_learning_reference,10,1.8570712478141858,1.6931050745174439,2.0210374211109277
23000,random,non_learning_reference,10,1.8570712478141858,1.6931050745174439,2.0210374211109277
23500,random,non_learning_reference,10,1.8570712478141858,1.6931050745174439,2.0210374211109277
24000,random,non_learning_reference,10,1.8570712478141858,1.6931050745174439,2.0210374211109277
24500,random,non_learning_reference,10,1.8570712478141858,1.6931050745174439,2.0210374211109277
25000,random,non_learning_reference,10,1.8570712478141858,1.6931050745174439,2.0210374211109277
25500,random,non_learning_reference,10,1.8570712478141858,1.6931050745174439,2.0210374211109277
26000,random,non_learning_reference,10,1.8570712478141858,1.6931050745174439,2.0210374211109277
500,nearest,non_learning_reference,10,1.5879701742640868,1.3113507885409998,1.8645895599871738
1000,nearest,non_learning_reference,10,1.5879701742640868,1.3113507885409998,1.8645895599871738
1500,nearest,non_learning_reference,10,1.5879701742640868,1.3113507885409998,1.8645895599871738
2000,nearest,non_learning_reference,10,1.5879701742640868,1.3113507885409998,1.8645895599871738
2500,nearest,non_learning_reference,10,1.5879701742640868,1.3113507885409998,1.8645895599871738
3000,nearest,non_learning_reference,10,1.5879701742640868,1.3113507885409998,1.8645895599871738
3500,nearest,non_learning_reference,10,1.5879701742640868,1.3113507885409998,1.8645895599871738
4000,nearest,non_learning_reference,10,1.5879701742640868,1.3113507885409998,1.8645895599871738
4500,nearest,non_learning_reference,10,1.5879701742640868,1.3113507885409998,1.8645895599871738
5000,nearest,non_learning_reference,10,1.5879701742640868,1.3113507885409998,1.8645895599871738
5500,nearest,non_learning_reference,10,1.5879701742640868,1.3113507885409998,1.8645895599871738
6000,nearest,non_learning_reference,10,1.5879701742640868,1.3113507885409998,1.8645895599871738
6500,nearest,non_learning_reference,10,1.5879701742640868,1.3113507885409998,1.8645895599871738
7000,nearest,non_learning_reference,10,1.5879701742640868,1.3113507885409998,1.8645895599871738
7500,nearest,non_learning_reference,10,1.5879701742640868,1.3113507885409998,1.8645895599871738
8000,nearest,non_learning_reference,10,1.5879701742640868,1.3113507885409998,1.8645895599871738
8500,nearest,non_learning_reference,10,1.5879701742640868,1.3113507885409998,1.8645895599871738
9000,nearest,non_learning_reference,10,1.5879701742640868,1.3113507885409998,1.8645895599871738
9500,nearest,non_learning_reference,10,1.5879701742640868,1.3113507885409998,1.8645895599871738
10000,nearest,non_learning_reference,10,1.5879701742640868,1.3113507885409998,1.8645895599871738
10500,nearest,non_learning_reference,10,1.5879701742640868,1.3113507885409998,1.8645895599871738
11000,nearest,non_learning_reference,10,1.5879701742640868,1.3113507885409998,1.8645895599871738
11500,nearest,non_learning_reference,10,1.5879701742640868,1.3113507885409998,1.8645895599871738
12000,nearest,non_learning_reference,10,1.5879701742640868,1.3113507885409998,1.8645895599871738
12500,nearest,non_learning_reference,10,1.5879701742640868,1.3113507885409998,1.8645895599871738
13000,nearest,non_learning_reference,10,1.5879701742640868,1.3113507885409998,1.8645895599871738
13500,nearest,non_learning_reference,10,1.5879701742640868,1.3113507885409998,1.8645895599871738
14000,nearest,non_learning_reference,10,1.5879701742640868,1.3113507885409998,1.8645895599871738
14500,nearest,non_learning_reference,10,1.5879701742640868,1.3113507885409998,1.8645895599871738
15000,nearest,non_learning_reference,10,1.5879701742640868,1.3113507885409998,1.8645895599871738
15500,nearest,non_learning_reference,10,1.5879701742640868,1.3113507885409998,1.8645895599871738
16000,nearest,non_learning_reference,10,1.5879701742640868,1.3113507885409998,1.8645895599871738
16500,nearest,non_learning_reference,10,1.5879701742640868,1.3113507885409998,1.8645895599871738
17000,nearest,non_learning_reference,10,1.5879701742640868,1.3113507885409998,1.8645895599871738
17500,nearest,non_learning_reference,10,1.5879701742640868,1.3113507885409998,1.8645895599871738
18000,nearest,non_learning_reference,10,1.5879701742640868,1.3113507885409998,1.8645895599871738
18500,nearest,non_learning_reference,10,1.5879701742640868,1.3113507885409998,1.8645895599871738
19000,nearest,non_learning_reference,10,1.5879701742640868,1.3113507885409998,1.8645895599871738
19500,nearest,non_learning_reference,10,1.5879701742640868,1.3113507885409998,1.8645895599871738
20000,nearest,non_learning_reference,10,1.5879701742640868,1.3113507885409998,1.8645895599871738
20500,nearest,non_learning_reference,10,1.5879701742640868,1.3113507885409998,1.8645895599871738
21000,nearest,non_learning_reference,10,1.5879701742640868,1.3113507885409998,1.8645895599871738
21500,nearest,non_learning_reference,10,1.5879701742640868,1.3113507885409998,1.8645895599871738
22000,nearest,non_learning_reference,10,1.5879701742640868,1.3113507885409998,1.8645895599871738
22500,nearest,non_learning_reference,10,1.5879701742640868,1.3113507885409998,1.8645895599871738
23000,nearest,non_learning_reference,10,1.5879701742640868,1.3113507885409998,1.8645895599871738
23500,nearest,non_learning_reference,10,1.5879701742640868,1.3113507885409998,1.8645895599871738
24000,nearest,non_learning_reference,10,1.5879701742640868,1.3113507885409998,1.8645895599871738
24500,nearest,non_learning_reference,10,1.5879701742640868,1.3113507885409998,1.8645895599871738
25000,nearest,non_learning_reference,10,1.5879701742640868,1.3113507885409998,1.8645895599871738
25500,nearest,non_learning_reference,10,1.5879701742640868,1.3113507885409998,1.8645895599871738
26000,nearest,non_learning_reference,10,1.5879701742640868,1.3113507885409998,1.8645895599871738
500,greedy,non_learning_reference,10,1.680770871078422,1.444885302234093,1.9166564399227508
1000,greedy,non_learning_reference,10,1.680770871078422,1.444885302234093,1.9166564399227508
1500,greedy,non_learning_reference,10,1.680770871078422,1.444885302234093,1.9166564399227508
2000,greedy,non_learning_reference,10,1.680770871078422,1.444885302234093,1.9166564399227508
2500,greedy,non_learning_reference,10,1.680770871078422,1.444885302234093,1.9166564399227508
3000,greedy,non_learning_reference,10,1.680770871078422,1.444885302234093,1.9166564399227508
3500,greedy,non_learning_reference,10,1.680770871078422,1.444885302234093,1.9166564399227508
4000,greedy,non_learning_reference,10,1.680770871078422,1.444885302234093,1.9166564399227508
4500,greedy,non_learning_reference,10,1.680770871078422,1.444885302234093,1.9166564399227508
5000,greedy,non_learning_reference,10,1.680770871078422,1.444885302234093,1.9166564399227508
5500,greedy,non_learning_reference,10,1.680770871078422,1.444885302234093,1.9166564399227508
6000,greedy,non_learning_reference,10,1.680770871078422,1.444885302234093,1.9166564399227508
6500,greedy,non_learning_reference,10,1.680770871078422,1.444885302234093,1.9166564399227508
7000,greedy,non_learning_reference,10,1.680770871078422,1.444885302234093,1.9166564399227508
7500,greedy,non_learning_reference,10,1.680770871078422,1.444885302234093,1.9166564399227508
8000,greedy,non_learning_reference,10,1.680770871078422,1.444885302234093,1.9166564399227508
8500,greedy,non_learning_reference,10,1.680770871078422,1.444885302234093,1.9166564399227508
9000,greedy,non_learning_reference,10,1.680770871078422,1.444885302234093,1.9166564399227508
9500,greedy,non_learning_reference,10,1.680770871078422,1.444885302234093,1.9166564399227508
10000,greedy,non_learning_reference,10,1.680770871078422,1.444885302234093,1.9166564399227508
10500,greedy,non_learning_reference,10,1.680770871078422,1.444885302234093,1.9166564399227508
11000,greedy,non_learning_reference,10,1.680770871078422,1.444885302234093,1.9166564399227508
11500,greedy,non_learning_reference,10,1.680770871078422,1.444885302234093,1.9166564399227508
12000,greedy,non_learning_reference,10,1.680770871078422,1.444885302234093,1.9166564399227508
12500,greedy,non_learning_reference,10,1.680770871078422,1.444885302234093,1.9166564399227508
13000,greedy,non_learning_reference,10,1.680770871078422,1.444885302234093,1.9166564399227508
13500,greedy,non_learning_reference,10,1.680770871078422,1.444885302234093,1.9166564399227508
14000,greedy,non_learning_reference,10,1.680770871078422,1.444885302234093,1.9166564399227508
14500,greedy,non_learning_reference,10,1.680770871078422,1.444885302234093,1.9166564399227508
15000,greedy,non_learning_reference,10,1.680770871078422,1.444885302234093,1.9166564399227508
15500,greedy,non_learning_reference,10,1.680770871078422,1.444885302234093,1.9166564399227508
16000,greedy,non_learning_reference,10,1.680770871078422,1.444885302234093,1.9166564399227508
16500,greedy,non_learning_reference,10,1.680770871078422,1.444885302234093,1.9166564399227508
17000,greedy,non_learning_reference,10,1.680770871078422,1.444885302234093,1.9166564399227508
17500,greedy,non_learning_reference,10,1.680770871078422,1.444885302234093,1.9166564399227508
18000,greedy,non_learning_reference,10,1.680770871078422,1.444885302234093,1.9166564399227508
18500,greedy,non_learning_reference,10,1.680770871078422,1.444885302234093,1.9166564399227508
19000,greedy,non_learning_reference,10,1.680770871078422,1.444885302234093,1.9166564399227508
19500,greedy,non_learning_reference,10,1.680770871078422,1.444885302234093,1.9166564399227508
20000,greedy,non_learning_reference,10,1.680770871078422,1.444885302234093,1.9166564399227508
20500,greedy,non_learning_reference,10,1.680770871078422,1.444885302234093,1.9166564399227508
21000,greedy,non_learning_reference,10,1.680770871078422,1.444885302234093,1.9166564399227508
21500,greedy,non_learning_reference,10,1.680770871078422,1.444885302234093,1.9166564399227508
22000,greedy,non_learning_reference,10,1.680770871078422,1.444885302234093,1.9166564399227508
22500,greedy,non_learning_reference,10,1.680770871078422,1.444885302234093,1.9166564399227508
23000,greedy,non_learning_reference,10,1.680770871078422,1.444885302234093,1.9166564399227508
23500,greedy,non_learning_reference,10,1.680770871078422,1.444885302234093,1.9166564399227508
24000,greedy,non_learning_reference,10,1.680770871078422,1.444885302234093,1.9166564399227508
24500,greedy,non_learning_reference,10,1.680770871078422,1.444885302234093,1.9166564399227508
25000,greedy,non_learning_reference,10,1.680770871078422,1.444885302234093,1.9166564399227508
25500,greedy,non_learning_reference,10,1.680770871078422,1.444885302234093,1.9166564399227508
26000,greedy,non_learning_reference,10,1.680770871078422,1.444885302234093,1.9166564399227508
